{"$schema":"http://schema.management.azure.com/schemas/2015-01-01/deploymentTemplate.json#","contentVersion":"1.0.0.0","parameters":{"factoryName":{"type":"string","metadata":"Nombre de instancia de Data Factory"},"link_storage":{"type":"string"},"HttpServer1":{"type":"string"}},"variables":{"factoryId":"[concat('Microsoft.DataFactory/factories/', parameters('factoryName'))]"},"resources":[{"name":"[concat(parameters('factoryName'), '/pipeline1_copy2')]","type":"Microsoft.DataFactory/factories/pipelines","apiVersion":"2018-06-01","properties":{"activities":[{"name":"Lookup1","type":"Lookup","dependsOn":[],"policy":{"timeout":"0.12:00:00","retry":0,"retryIntervalInSeconds":30,"secureOutput":false,"secureInput":false},"userProperties":[],"typeProperties":{"source":{"type":"JsonSource","storeSettings":{"type":"AzureBlobFSReadSettings","recursive":true,"enablePartitionDiscovery":false},"formatSettings":{"type":"JsonReadSettings"}},"dataset":{"referenceName":"dataset_jsonconfig","type":"DatasetReference","parameters":{}},"firstRowOnly":false}},{"name":"ForEach1","type":"ForEach","dependsOn":[{"activity":"Lookup1","dependencyConditions":["Completed"]}],"userProperties":[],"typeProperties":{"items":{"value":"@activity('Lookup1').output.value","type":"Expression"},"isSequential":true,"activities":[{"name":"Copy_http_storage","type":"Copy","dependsOn":[],"policy":{"timeout":"0.12:00:00","retry":0,"retryIntervalInSeconds":30,"secureOutput":false,"secureInput":false},"userProperties":[],"typeProperties":{"source":{"type":"DelimitedTextSource","storeSettings":{"type":"HttpReadSettings","requestMethod":"GET"},"formatSettings":{"type":"DelimitedTextReadSettings"}},"sink":{"type":"DelimitedTextSink","storeSettings":{"type":"AzureBlobFSWriteSettings"},"formatSettings":{"type":"DelimitedTextWriteSettings","quoteAllText":true,"fileExtension":".txt"}},"enableStaging":false,"translator":{"type":"TabularTranslator","typeConversion":true,"typeConversionSettings":{"allowDataTruncation":true,"treatBooleanAsNumber":false}}},"inputs":[{"referenceName":"httpdataset","type":"DatasetReference","parameters":{"relativeURL":{"value":"@item().sourceURL","type":"Expression"}}}],"outputs":[{"referenceName":"datasetstorage","type":"DatasetReference","parameters":{}}]}]}}],"policy":{"elapsedTimeMetric":{}},"variables":{"sourceURL":{"type":"String"}},"annotations":[]},"dependsOn":["[concat(variables('factoryId'), '/datasets/dataset_jsonconfig')]","[concat(variables('factoryId'), '/datasets/httpdataset')]","[concat(variables('factoryId'), '/datasets/datasetstorage')]"]},{"name":"[concat(parameters('factoryName'), '/dataset_jsonconfig')]","type":"Microsoft.DataFactory/factories/datasets","apiVersion":"2018-06-01","properties":{"linkedServiceName":{"referenceName":"[parameters('link_storage')]","type":"LinkedServiceReference"},"annotations":[],"type":"Json","typeProperties":{"location":{"type":"AzureBlobFSLocation","fileName":"input_csv_datagob.json","fileSystem":"config"}},"schema":{"type":"object","properties":{"sourceURL":{"type":"string"},"sinkFileName":{"type":"string"}}}},"dependsOn":[]},{"name":"[concat(parameters('factoryName'), '/httpdataset')]","type":"Microsoft.DataFactory/factories/datasets","apiVersion":"2018-06-01","properties":{"linkedServiceName":{"referenceName":"[parameters('HttpServer1')]","type":"LinkedServiceReference"},"parameters":{"relativeURL":{"type":"string"}},"annotations":[],"type":"DelimitedText","typeProperties":{"location":{"type":"HttpServerLocation","relativeUrl":{"value":"@dataset().relativeURL","type":"Expression"}},"columnDelimiter":",","escapeChar":"\\","firstRowAsHeader":true,"quoteChar":"\""},"schema":[]},"dependsOn":[]},{"name":"[concat(parameters('factoryName'), '/datasetstorage')]","type":"Microsoft.DataFactory/factories/datasets","apiVersion":"2018-06-01","properties":{"linkedServiceName":{"referenceName":"[parameters('link_storage')]","type":"LinkedServiceReference"},"annotations":[],"type":"DelimitedText","typeProperties":{"location":{"type":"AzureBlobFSLocation","fileSystem":"dararaw"},"columnDelimiter":",","escapeChar":"\\","firstRowAsHeader":true,"quoteChar":"\""},"schema":[]},"dependsOn":[]}]}